{
  "Description": "Things ",
  "activities": [
    {
      "day": "thursday",
      "time": "10:55 - 11:40 PM",
      "description": "cocoEco blog",
      "category": "Leisure"
    },

    {
      "day": "thursday",
      "time": "10:30 - 10:40 PM",
      "description": "reading light novel translations",
      "category": "Book"
    },
    {
      "day": "thursday",
      "time": "10:20 - 11:40 PM",
      "description": "minecraft run",
      "category": "Game"
    },

    {
      "day": "thursday",
      "time": "7:20 - 8:30 PM",
      "description": "miscellaneous youtube videos",
      "category": "Leisure"
    },

    {
      "day": "thursday",
      "time": "6:30 - 6:50 PM",
      "description": "watch anime",
      "category": "Leisure"
    },

    {
      "day": "thursday",
      "time": "5:20 - 5:40 PM",
      "description": "watch anime",
      "category": "Leisure"
    },

    {
      "day": "thursday",
      "time": "5:10 PM - 5:30 PM",
      "description": "watch anime",
      "category": "Leisure"
    },

    {
      "day": "thursday",
      "time": "1:10 - 1:30 PM",
      "description": "watch anime",
      "category": "Leisure"
    },

    {
      "day": "wednesday",
      "time": "9:12 - 10:30 PM",
      "description": "minecraft stream",
      "category": "Game"
    },

    {
      "day": "wednesday",
      "time": "5:50 - 6:45 PM",
      "description": "miscellaneous youtube videos",
      "category": "Leisure"
    },

    {
      "day": "wednesday",
      "time": "12:40 - 12:50 PM",
      "description": "reading light novel translation",
      "category": "Book"
    },

    {
      "day": "tuesday",
      "time": " 10:25 - 10: 50 PM",
      "description": "miscellaneous youtube videos",
      "category": "Leisure"
    },

    {
      "day": "tuesday",
      "time": " 10:28 - 10: 30 PM",
      "description": "read manga",
      "category": "Book"
    },

    {
      "day": "tuesday",
      "time": " 9:10 - 10: 20 PM",
      "description": "play games with friends",
      "category": "Game"
    },

    {
      "day": "tuesday",
      "time": " 12:55 - 1: 30 AM",
      "description": "miscellaneous youtube videos",
      "category": "Leisure"
    },
    {
      "day": "monday",
      "time": " 4:40 - 4:50 PM",
      "description": "reading light novel translation",
      "category": "Book"
    },

    {
      "day": "monday",
      "time": " 1:15 - 1: 30 PM",
      "description": "miscellaneous youtube videos",
      "category": "Leisure"
    },

    {
      "day": "monday",
      "time": " 12:55 - 1:05 PM",
      "description": "reading light novel translation",
      "category": "Book"
    }
  ]
}
